Feature,Importance
Presence,0.5929181286380224
Storage,0.1598572696793142
OriginalCost,0.13703064365851017
Memory,0.11019395802415319
